{
  "name": "rd-tweaks",
  "version": "0.0.1",
  "factorio_version": "1.1",
  "title": "Rd's Tweaks",
  "author": "Rdjrjqouqcu",
  "homepage": "",
  "description":"Miscellaneous tweaked mods with individual configurability.\n    waterboxes modified from https://mods.factorio.com/mod/Waterboxes\n    Space Exploration biters is based on https://mods.factorio.com/mod/Sceatorio",
  "dependencies": [
    "base >= 0.18.0",
    "? space-exploration >= 0.5.37",
    "? Krastorio2 >= 1.0.23"
  ]
}

