{
  "name": "rd-se-multiplayer-compat",
  "version": "0.0.4",
  "factorio_version": "1.1",
  "title": "Rd's Space Exploration Multiplayer Compat",
  "author": "Rdjrjqouqcu",
  "homepage": "",
  "description":"Provides a UI on the multi-homeworld Space Exploration\n  Provides separate evolution per homeworld\n  All planets have a random level of evolution\n    Evolution based on https://mods.factorio.com/mod/Sceatorio",
  "dependencies": [
    "base >= 0.18.0",
    "space-exploration >= 0.5.37",
    "? Krastorio2 >= 1.0.23"
  ]
}

